{"cameraMode":{"drawMode":0,"name":"Shaded","section":"Shading Mode"},"sceneLighting":true,"audioPlay":false,"sceneViewState":{"showFog":true,"showMaterialUpdate":false,"showSkybox":true,"showFlares":true,"showImageEffects":true,"showParticleSystems":true},"in2DMode":false,"pivot":{"x":-27.92823600769043,"y":2.157759189605713,"z":-2.025865316390991},"rotation":{"x":-0.17141926288604737,"y":-0.49178004264831545,"z":0.09946168214082718,"w":-0.8478953838348389},"size":3.794013261795044,"orthographic":false}